{
    "answers": {
        "phase": "coding",
        "action": "source code authoring",
        "scope": "api",
        "action experience": "little",
        "prog lang": "js-node",
        "other prog lang": "<fill in>",
        "tool": "chat gpt 4.x",
        "other tool": "<fill in>",
        "tool option": "full",
        "tool experience": "some",
        "time allocated (h)": "0.5",
        "time saved estimate (h)": "2", 
        "quality of ai help": "minor modifications needed",
        "generic feeling": "great in the future",
        "notes": "<fill in>"
    }
}