{
    "answers": {
        "phase": "architecture",
        "action": "architectural decision",
        "scope": "api",
        "action experience":  "fair",
        "prog lang": "n/a",
        "other prog lang": "<fill in>",
        "tool":  "chat gpt 4.x",
        "other tool": "<fill in>",
        "tool option": "full",
        "tool experience": "master",
        "time allocated (h)": "0.5",
        "time saved estimate (h)": "1", 
        "quality of ai help":  "minor modifications needed",
        "generic feeling": "great in the future",
        "notes": "it's just an advice so the two previous fields are kind of irrelevant. but the advice was helpful"
    }
}
