{
    "answers": {
        "phase": "architecture",
        "action": "architectural decision",
        "scope": "database design",
        "action experience":  "fair",
        "prog lang": "sql",
        "other prog lang": "<fill in>",
        "tool": "chat gpt 3.x",
        "other tool": "<fill in>",
        "tool option": "free", 
        "tool experience": "enough", 
        "time allocated (h)": "0.2",
        "time saved estimate (h)": "3", 
        "quality of ai help": "ready-to-use",
        "generic feeling": "great as-is",
        "notes": "<fill in>"
    }
}