{
    "answers": {
        "phase": "architecture",
        "action":  "architectural decision",
        "scope": "cli",
        "action experience": "little",
        "prog lang":"js-node",
        "other prog lang": "<fill in>",
        "tool": "chat gpt 3.x",
        "other tool": "<fill in>",
        "tool option": "free",
        "tool experience": "enough",
        "time allocated (h)": "1",
        "time saved estimate (h)": "3", 
        "quality of ai help": "minor modifications needed",
        "generic feeling": "needs work",
        "notes": "<a question regarding file organization about cli commands>"
    }
}