{
    "answers": {
        "phase": "deployment",
        "action": "design decision",
        "scope": "frontend",
        "action experience": "fair",
        "prog lang": "js-node",
        "other prog lang": "<fill in>",
        "tool": "chat gpt 3.x",
        "other tool": "<fill in>",
        "tool option": "free",
        "tool experience": "none",
        "time allocated (h)": "2",
        "time saved estimate (h)": "2", 
        "quality of ai help": "major modifications needed",
        "generic feeling": "needs work",
        "notes": "deployment of frontend and creating some html pages using tailwind."
    }
}