{
    "answers": {
        "phase": "coding", 
        "action":  "source code authoring", 
        "scope":  "frontend", 
        "action experience": "little",
        "prog lang": "js",
        "other prog lang": "<fill in>",
        "tool": "chat gpt 4.x", 
        "other tool": "<fill in>",
        "tool option":  "full",
        "tool experience": "enough", 
        "time allocated (h)": "0.1",
        "time saved estimate (h)": "0.5", 
        "quality of ai help": "ready-to-use",
        "generic feeling": "great in the future", 
        "notes": "<fill in>"
    }
}