{
    "answers": {
        "phase": "coding",
        "action": "problem understanding",
        "scope": "api",
        "action experience": "fair",
        "prog lang":"js-node",
        "other prog lang": "<fill in>",
        "tool": "chat gpt 4.x",
        "other tool": "<fill in>",
        "tool option":  "full",
        "tool experience": "enough",
        "time allocated (h)": "0.3",
        "time saved estimate (h)": "0.5", 
        "quality of ai help": "minor modifications needed",
        "generic feeling": "great in the future",
        "notes": "<fill in>"
    }
}
