{
    "answers": {
        "phase": "testing",
        "action": "unit testing",
        "scope":  "test cases",
        "action experience": "little",
        "prog lang": "python", 
        "other prog lang": "<fill in>",
        "tool": "chat gpt 3.x",
        "other tool": "<fill in>",
        "tool option": "free",
        "tool experience":  "enough", 
        "time allocated (h)": "2",
        "time saved estimate (h)": "4", 
        "quality of ai help": "major modifications needed", 
        "generic feeling": "needs work", 
        "notes": "<fill in>"
    }
}