{
    "answers": {
        "phase":  "design", 
        "action": "design decision",
        "scope": "frontend",
        "action experience": "fair",
        "prog lang":  "js", 
        "other prog lang": "<fill in>",
        "tool": "chat gpt 3.x", 
        "other tool": "<fill in>",
        "tool option": "free", 
        "tool experience":  "enough",
        "time allocated (h)": "0.1",
        "time saved estimate (h)": "4", 
        "quality of ai help": "ready-to-use", 
        "generic feeling": "great as-is", 
        "notes": "<fill in>"
    }
}