{
    "answers": {
        "phase": "architecture",
        "action": "architectural decision",
        "scope": "frontend",
        "action experience": "none",
        "prog lang": "js-node",
        "other prog lang": "<fill in>",
        "tool": "chat gpt 4.x",
        "other tool": "<fill in>",
        "tool option": "full",
        "tool experience":  "some",
        "time allocated (h)": "0.1",
        "time saved estimate (h)": "1", 
        "quality of ai help": "ready-to-use", 
        "generic feeling": "great as-is",
        "notes": "<fill in>"
    }
}