{
    "answers": {
        "phase": "coding",
        "action": "source code authoring",
        "scope": "cli",
        "action experience":  "little",
        "prog lang": "js-node",
        "other prog lang": "<fill in>",
        "tool": "chat gpt 3.x",
        "other tool": "<fill in>",
        "tool option": "free",
        "tool experience": "enough",
        "time allocated (h)": "1",
        "time saved estimate (h)": "1", 
        "quality of ai help": "minor modifications needed",
        "generic feeling": "needs work",
        "notes": "correcting errors and bugs"
    }
}