{
    "answers": {
        "phase": "design",
        "action":  "design decision",
        "scope": "deployment scripts",
        "action experience": "little",
        "prog lang": "n/a",
        "other prog lang": "<fill in>",
        "tool": "chat gpt 4.x",
        "other tool": "<fill in>",
        "tool option": "full",
        "tool experience": "enough",
        "time allocated (h)": "0.5",
        "time saved estimate (h)": "1", 
        "quality of ai help": "ready-to-use",
        "generic feeling": "great in the future",
        "notes": "it was just info insight/advice"
    }
}
