{
    "answers": {
        "phase": "coding",
        "action":  "source code authoring",
        "scope": "test code driver",
        "action experience": "fair",
        "prog lang": "python",
        "other prog lang": "<fill in>",
        "tool": "chat gpt 4.x",
        "other tool": "<fill in>",
        "tool option": "full",
        "tool experience": "enough",
        "time allocated (h)": "0.3",
        "time saved estimate (h)": "0.5", 
        "quality of ai help": "ready-to-use",
        "generic feeling": "great as-is",
        "notes": "<fill in>"
    }
}
