{
    "answers": {
        "phase": "design",
        "action": "problem understanding",
        "scope": "api",
        "action experience": "little",
        "prog lang": "js-node",
        "other prog lang": "<fill in>",
        "tool": "chat gpt 4.x",
        "other tool": "<fill in>",
        "tool option": "full",
        "tool experience": "enough",
        "time allocated (h)": "0.5",
        "time saved estimate (h)": "2", 
        "quality of ai help": "minor modifications needed",
        "generic feeling": "great in the future",
        "notes": "Time allocated are estimations, I made those queries to get the idea on auth security in the api. I will implement this idea in the future."
    }
}
