{
    "answers": {
        "phase": "design",
        "action": "other testing",
        "scope": "api",
        "action experience": "little",
        "prog lang": "js",
        "other prog lang": "<fill in>",
        "tool": "chat gpt 4.x",
        "other tool": "<fill in>",
        "tool option": "full",
        "tool experience": "master",
        "time allocated (h)": "0.05",
        "time saved estimate (h)": "0.1", 
        "quality of ai help": "minor modifications needed",
        "generic feeling": "great as-is",
        "notes": "<fill in>"
    }
}
