{
    "answers": {
        "phase": "testing",
        "action": "problem understanding",
        "scope": "test cases",  
        "action experience": "little",
        "prog lang": "python",
        "other prog lang": "<fill in>",
        "tool": "chat gpt 3.x",
        "other tool": "<fill in>",
        "tool option": "free",
        "tool experience": "enough",
        "time allocated (h)": "1",
        "time saved estimate (h)": "1", 
        "quality of ai help": "ready-to-use", 
        "generic feeling": "great as-is", 
        "notes": "<fill in>"
    }
}