{
    "answers": {
        "phase": "coding",
        "action": "dev-ops",
        "scope": "backend",
        "action experience": "fair",
        "prog lang": "js-node",
        "other prog lang": "nothing",
        "tool": "chat gpt 3.x",
        "other tool": "nothing",
        "tool option": "free",
        "tool experience": "some",
        "time allocated (h)": "0.2",
        "time saved estimate (h)": "4", 
        "quality of ai help": "minor modifications needed",
        "generic feeling": "needs work",
        "notes": "nothing"
    }
}
