{
    "answers": {
        "phase": "coding",
        "action": "source code authoring", 
        "scope": "data management",
        "action experience": "little",
        "prog lang": "python",
        "other prog lang": "<fill in>",
        "tool":"chat gpt 4.x",
        "other tool": "<fill in>",
        "tool option": "full",
        "tool experience": "some",
        "time allocated (h)": "0.2",
        "time saved estimate (h)": "1", 
        "quality of ai help":"minor modifications needed",
        "generic feeling":"great in the future", 
        "notes": "<fill in>"
    }
}