{
    "answers": {
        "phase":  "design",
        "action": "data design",
        "scope":"data management",
        "action experience":  "little", 
        "prog lang":"sql", 
        "other prog lang": "<fill in>",
        "tool": "chat gpt 3.x",
        "other tool": "<fill in>",
        "tool option": "free",
        "tool experience":  "enough", 
        "time allocated (h)": "0.1",
        "time saved estimate (h)": "1", 
        "quality of ai help": "ready-to-use",
        "generic feeling": "great as-is", 
        "notes": "<fill in>"
    }
}