{
    "answers": {
        "phase": "coding",
        "action": "source code authoring",
        "scope": "database design",
        "action experience": "little",
        "prog lang":  "sql",
        "other prog lang": "<fill in>",
        "tool": "chat gpt 3.x", 
        "other tool": "<fill in>",
        "tool option": "free",
        "tool experience":  "enough", 
        "time allocated (h)": "1",
        "time saved estimate (h)": "2", 
        "quality of ai help": "ready-to-use", 
        "generic feeling": "great in the future", 
        "notes": "<fill in>"
    }
}