{
    "answers": {
        "phase": ["requirements gathering", "requirements specification", "architecture", "design", "coding", "testing", "deployment"],
        "action": ["problem understanding", "stakeholder statement", "requirements (functional)", "requirements (non-functional)", "use case specification", "architectural decision", "design decision","data design", "source code authoring", "unit testing", "functional testing", "integration testing", "performance testing","other testing", "dev-ops", "vm operations", "container operations","network operations", "code management"],
        "scope": ["documentation (text)", "uml activity", "uml sequence", "uml component", "uml deployment", "uml class", "uml other", "database design", "frontend", "data management", "backend", "api", "cli", "test cases", "test code driver", "test execution scripts", "deployment scripts", "code management actions"],
        "action experience": ["big", "fair", "little", "none"],
        "prog lang": ["n/a", "js", "js-node", "python", "sql", "nosql db", "java", "other"],
        "other prog lang": "<fill in>",
        "tool": ["chat gpt 3.x", "chat gpt 4.x", "bard", "github copilot", "scribe", "intellij IDEA", "other"],
        "other tool": "<fill in>",
        "tool option": ["free", "free trial", "full"],
        "tool experience": ["none", "some", "enough", "master"],
        "time allocated (h)": "<fill in>",
        "time saved estimate (h)": "<fill in>", 
        "quality of ai help": ["ready-to-use", "minor modifications needed", "major modifications needed", "unusable"],
        "generic feeling": ["great as-is", "great in the future", "needs work", "makes not sense"],
        "notes": "<fill in>"
    }
}