{
    "answers": {
        "phase":"architecture",
        "action": "architectural decision", 
        "scope":  "frontend", 
        "action experience": "little", 
        "prog lang": "n/a", 
        "other prog lang": "<fill in>",
        "tool": "chat gpt 3.x",
        "other tool": "<fill in>",
        "tool option": "free",
        "tool experience": "enough",
        "time allocated (h)": "0.1",
        "time saved estimate (h)": "1", 
        "quality of ai help": "ready-to-use", 
        "generic feeling": "great as-is", 
        "notes": "<fill in>"
    }
}