{
    "answers": {
        "phase": "testing",
        "action": "unit testing",
        "scope": "test execution scripts",
        "action experience": "little",
        "prog lang": "python",
        "other prog lang": "<fill in>",
        "tool": "chat gpt 4.x",
        "other tool": "<fill in>",
        "tool option": "full",
        "tool experience": "enough",
        "time allocated (h)": "0.5",
        "time saved estimate (h)": "1", 
        "quality of ai help": "minor modifications needed",
        "generic feeling": "great in the future",
        "notes": "<fill in>"
    }
}
